dataset,columna,tipo,unidad,rango_admisible,codificacion_perdidos,procedencia,descripcion
respuestas_anonimizadas.csv,ID,entero secuencial,registro,1-62,vacío = perdido,Exportación Google Forms,Orden de recepción; no corresponde a identidad personal.
respuestas_anonimizadas.csv,Hora de inicio,fecha-hora,AAAA-MM-DD HH:MM:SS,marca temporal válida,vacío = perdido,Exportación Google Forms,Marca temporal conservada desde el archivo crudo.
respuestas_anonimizadas.csv,Hora de finalización,fecha-hora,AAAA-MM-DD HH:MM:SS,marca temporal válida,vacío = perdido,Exportación Google Forms,Marca temporal conservada desde el archivo crudo.
respuestas_anonimizadas.csv,Comentarios del cuestionario,texto libre,texto,cadena UTF-8 o vacío,vacío = sin comentario,Exportación Google Forms,Campo de comentarios asociado al instrumento.
respuestas_anonimizadas.csv,¿Qué labor realiza principalmente?,categórica nominal,categoría,"Polinización | Labores de mantenimiento (chapía, corona, poda) | Control fitosanitario (plagas y enfermedades) | Riego | Otra",vacío = perdido,Cuestionario SIMPA,Respuesta conservada de la versión anonimizada.
respuestas_anonimizadas.csv,Comentarios: ¿Qué labor realiza principalmente?,texto libre,texto,cadena UTF-8 o vacío,vacío = sin comentario,Exportación Google Forms,Campo de comentarios asociado al instrumento.
respuestas_anonimizadas.csv,¿Cuántos años de experiencia tiene en el cultivo de palma? ,categórica ordinal,categoría,De 1 a 5 años | Menos de 1 año | Más de 10 años | De 6 a 10 años,vacío = perdido,Cuestionario SIMPA,Respuesta conservada de la versión anonimizada.
respuestas_anonimizadas.csv,Comentarios: ¿Cuántos años de experiencia tiene en el cultivo de palma? ,texto libre,texto,cadena UTF-8 o vacío,vacío = sin comentario,Exportación Google Forms,Campo de comentarios asociado al instrumento.
respuestas_anonimizadas.csv,¿Cómo se registra hoy lo que usted realiza en el día?,categórica nominal,categoría,No se registra | En papel | El administrador lo anota | Otro,vacío = perdido,Cuestionario SIMPA,Respuesta conservada de la versión anonimizada.
respuestas_anonimizadas.csv,Comentarios: ¿Cómo se registra hoy lo que usted realiza en el día?,texto libre,texto,cadena UTF-8 o vacío,vacío = sin comentario,Exportación Google Forms,Campo de comentarios asociado al instrumento.
respuestas_anonimizadas.csv,¿Cuál es la mayor dificultad en su trabajo diario?,categórica nominal múltiple,categorías separadas por ;,Llevar la cuenta de lo que realizo | Detectar plagas o enfermedades a tiempo | El clima | La comunicación con el administrador | Saber qué producto aplicar | Otra,vacío = perdido,Cuestionario SIMPA,Una persona puede seleccionar más de una opción.
respuestas_anonimizadas.csv,Comentarios: ¿Cuál es la mayor dificultad en su trabajo diario?,texto libre,texto,cadena UTF-8 o vacío,vacío = sin comentario,Exportación Google Forms,Campo de comentarios asociado al instrumento.
respuestas_anonimizadas.csv,¿Con qué frecuencia observa plagas o enfermedades en las palmas? ,categórica ordinal,categoría,A veces | Rara vez | Frecuentemente | Muy frecuentemente | Nunca,vacío = perdido,Cuestionario SIMPA,Respuesta conservada de la versión anonimizada.
respuestas_anonimizadas.csv,Comentarios: ¿Con qué frecuencia observa plagas o enfermedades en las palmas? ,texto libre,texto,cadena UTF-8 o vacío,vacío = sin comentario,Exportación Google Forms,Campo de comentarios asociado al instrumento.
respuestas_anonimizadas.csv,¿Usa teléfono inteligente (smartphone)?,categórica dicotómica,categoría,si | no,vacío = perdido,Cuestionario SIMPA,Respuesta conservada de la versión anonimizada.
respuestas_anonimizadas.csv,Comentarios: ¿Usa teléfono inteligente (smartphone)?,texto libre,texto,cadena UTF-8 o vacío,vacío = sin comentario,Exportación Google Forms,Campo de comentarios asociado al instrumento.
respuestas_anonimizadas.csv,¿Qué tan cómodo se siente usando aplicaciones en el teléfono? (escala 1 a 5) 1 = Nada cómodo  →  5 = Muy cómodo,entero ordinal,puntos Likert,1-5,vacío = perdido,Cuestionario SIMPA,Escala Likert de cinco puntos.
respuestas_anonimizadas.csv,Comentarios: ¿Qué tan cómodo se siente usando aplicaciones en el teléfono? (escala 1 a 5) 1 = Nada cómodo  →  5 = Muy cómodo,texto libre,texto,cadena UTF-8 o vacío,vacío = sin comentario,Exportación Google Forms,Campo de comentarios asociado al instrumento.
respuestas_anonimizadas.csv,¿Hay señal de internet en las zonas donde usted trabaja?,categórica ordinal,categoría,Casi nunca | A veces | Siempre | Nunca,vacío = perdido,Cuestionario SIMPA,Respuesta conservada de la versión anonimizada.
respuestas_anonimizadas.csv,Comentarios: ¿Hay señal de internet en las zonas donde usted trabaja?,texto libre,texto,cadena UTF-8 o vacío,vacío = sin comentario,Exportación Google Forms,Campo de comentarios asociado al instrumento.
respuestas_anonimizadas.csv,"Para cada función, indique qué tan útil le parecería en una escala de 1 a 5 (1 = Nada útil → 5 = Muy útil). Tomar una foto de la palma y que la app le indique si tiene una plaga o enfermedad y qué...",entero ordinal,puntos Likert,1-5,vacío = perdido,Cuestionario SIMPA,Escala Likert de cinco puntos.
respuestas_anonimizadas.csv,"Comentarios: Para cada función, indique qué tan útil le parecería en una escala de 1 a 5 (1 = Nada útil → 5 = Muy útil). Tomar una foto de la palma y que la app le indique si tiene una plaga o enfermedad y qué...",texto libre,texto,cadena UTF-8 o vacío,vacío = sin comentario,Exportación Google Forms,Campo de comentarios asociado al instrumento.
respuestas_anonimizadas.csv,Indique qué tan útil le parecería en una escala de 1 a 5 (1 = Nada útil → 5 = Muy útil). Tomar una foto de la hoja y que la app le indique si a la planta le falta algún nutriente. ,entero ordinal,puntos Likert,1-5,vacío = perdido,Cuestionario SIMPA,Escala Likert de cinco puntos.
respuestas_anonimizadas.csv,Comentarios: Indique qué tan útil le parecería en una escala de 1 a 5 (1 = Nada útil → 5 = Muy útil). Tomar una foto de la hoja y que la app le indique si a la planta le falta algún nutriente. ,texto libre,texto,cadena UTF-8 o vacío,vacío = sin comentario,Exportación Google Forms,Campo de comentarios asociado al instrumento.
respuestas_anonimizadas.csv,"Para cada función, indique qué tan útil le parecería en una escala de 1 a 5. Registrar en el teléfono las labores que realiza (riego, polinización, etc.)",entero ordinal,puntos Likert,1-5,vacío = perdido,Cuestionario SIMPA,Escala Likert de cinco puntos.
respuestas_anonimizadas.csv,"Comentarios: Para cada función, indique qué tan útil le parecería en una escala de 1 a 5. Registrar en el teléfono las labores que realiza (riego, polinización, etc.)",texto libre,texto,cadena UTF-8 o vacío,vacío = sin comentario,Exportación Google Forms,Campo de comentarios asociado al instrumento.
respuestas_anonimizadas.csv,"Indique qué tan útil le parecería en una escala de 1 a 5 (1 = Nada útil → 5 = Muy útil). Que la app cuente automáticamente por GPS las flores polinizadas, sin tener que anotar planta por planta. ",entero ordinal,puntos Likert,1-5,vacío = perdido,Cuestionario SIMPA,Escala Likert de cinco puntos.
respuestas_anonimizadas.csv,"Comentarios: Indique qué tan útil le parecería en una escala de 1 a 5 (1 = Nada útil → 5 = Muy útil). Que la app cuente automáticamente por GPS las flores polinizadas, sin tener que anotar planta por planta. ",texto libre,texto,cadena UTF-8 o vacío,vacío = sin comentario,Exportación Google Forms,Campo de comentarios asociado al instrumento.
respuestas_anonimizadas.csv,Indique qué tan útil le parecería en una escala de 1 a 5 (1 = Nada útil → 5 = Muy útil). Recibir alertas cuando se detecte un problema en el cultivo,entero ordinal,puntos Likert,1-5,vacío = perdido,Cuestionario SIMPA,Escala Likert de cinco puntos.
respuestas_anonimizadas.csv,Comentarios: Indique qué tan útil le parecería en una escala de 1 a 5 (1 = Nada útil → 5 = Muy útil). Recibir alertas cuando se detecte un problema en el cultivo,texto libre,texto,cadena UTF-8 o vacío,vacío = sin comentario,Exportación Google Forms,Campo de comentarios asociado al instrumento.
respuestas_anonimizadas.csv, ¿Le preocuparía que la aplicación registre por GPS su recorrido durante la jornada? ,categórica ordinal,categoría,No me preocupa | Me preocupa un poco | Me preocupa mucho,vacío = perdido,Cuestionario SIMPA,Respuesta conservada de la versión anonimizada.
respuestas_anonimizadas.csv,Comentarios:  ¿Le preocuparía que la aplicación registre por GPS su recorrido durante la jornada? ,texto libre,texto,cadena UTF-8 o vacío,vacío = sin comentario,Exportación Google Forms,Campo de comentarios asociado al instrumento.
respuestas_anonimizadas.csv,"Si la aplicación fuera fácil de usar y estuviera en español, ¿la usaría en su trabajo?",categórica ordinal,categoría,Sí | Tal vez | No,vacío = perdido,Cuestionario SIMPA,Respuesta conservada de la versión anonimizada.
respuestas_anonimizadas.csv,"Comentarios: Si la aplicación fuera fácil de usar y estuviera en español, ¿la usaría en su trabajo?",texto libre,texto,cadena UTF-8 o vacío,vacío = sin comentario,Exportación Google Forms,Campo de comentarios asociado al instrumento.
respuestas_zenodo_agregadas.csv,pregunta_id,texto,identificador,P01-P15,vacío no permitido,Generado por preparar_dataset_zenodo_agregado.py,Identificador local de la pregunta.
respuestas_zenodo_agregadas.csv,pregunta,texto,texto,pregunta sustantiva del instrumento,vacío no permitido,Generado por preparar_dataset_zenodo_agregado.py,Texto de la pregunta.
respuestas_zenodo_agregadas.csv,tipo_respuesta,categórica nominal,categoría,simple | multiple,vacío no permitido,Generado por preparar_dataset_zenodo_agregado.py,Tipo de respuesta.
respuestas_zenodo_agregadas.csv,opcion,texto/categórica,categoría,opción observada,vacío no permitido,Generado por preparar_dataset_zenodo_agregado.py,Opción dentro de la distribución marginal.
respuestas_zenodo_agregadas.csv,frecuencia,entero,respuestas,0-62,vacío no permitido,Generado por preparar_dataset_zenodo_agregado.py,Número de respuestas que contienen la opción.
respuestas_zenodo_agregadas.csv,n_validos,entero,participantes,1-62,vacío no permitido,Generado por preparar_dataset_zenodo_agregado.py,Número de participantes con respuesta válida.
respuestas_zenodo_agregadas.csv,porcentaje,decimal,porcentaje,0-100,vacío no permitido,Generado por preparar_dataset_zenodo_agregado.py,frecuencia / n_validos × 100.
codificacion.csv,Fragmento,texto,fragmento textual,texto UTF-8 no vacío,vacío no permitido,Transcripciones anonimizadas,Fragmento utilizado en la codificación temática.
codificacion.csv,Codigo,categórica nominal,código,código temático no vacío,vacío no permitido,Codificación temática,Código asignado al fragmento.
codificacion.csv,Categoria,categórica nominal,categoría,categoría temática documentada,vacío no permitido,Codificación temática,Categoría que agrupa el código.
codificacion.csv,Requisito_derivado,texto/identificador,requisito,requisito asociado o vacío,vacío permitido solo cuando conceptualmente no aplica,Análisis de requisitos,Requisito relacionado con el fragmento.
codificacion.csv,ID_evidencia,identificador,evidencia,EV-01 | EV-02 | EV-03 | EV-04 | EV-05 | EV-06 | EV-07 | EV-08,vacío no permitido,Inventario de entrevistas,Evidencia de origen del fragmento.
codificacion.csv,Analista_codificador,identificador,analista,VER,vacío no permitido,Registro de codificación,Identificador del analista codificador.
tabla_saturacion.csv,Orden,entero,posición,1-8,vacío no permitido,Generado por curva_saturacion.py,Orden cronológico del análisis.
tabla_saturacion.csv,ID_evidencia,identificador,evidencia,EV-01 a EV-08,vacío no permitido,Generado por curva_saturacion.py,Entrevista utilizada.
tabla_saturacion.csv,Perfil,categórica nominal,perfil,perfil documentado,vacío no permitido,Generado por curva_saturacion.py,Perfil resumido de la evidencia.
tabla_saturacion.csv,Codigos_totales,entero,códigos,>= 0,vacío no permitido,Generado por curva_saturacion.py,Número total de códigos de la entrevista.
tabla_saturacion.csv,Codigos_nuevos,entero,códigos,>= 0 y <= Codigos_totales,vacío no permitido,Generado por curva_saturacion.py,Códigos no observados previamente.
tabla_saturacion.csv,Acumulado,entero,códigos únicos,>= 0,vacío no permitido,Generado por curva_saturacion.py,Número acumulado de códigos únicos.
tabla_saturacion.csv,Porcentaje_nuevos,decimal,porcentaje,0-100,vacío no permitido,Generado por curva_saturacion.py,Porcentaje de códigos nuevos.
