id_requisito;COM;AMB;VER;COR;CON;observaciones
R-001;;;;;;
R-002;;;;;;
R-003;;;;;;
R-004;;;;;;
R-005;;;;;;
R-006;;;;;;
R-007;;;;;;
R-008;;;;;;
R-009;;;;;;
R-010;;;;;;
R-011;;;;;;
R-012;;;;;;
R-013;;;;;;
R-014;;;;;;
R-015;;;;;;
R-016;;;;;;
R-017;;;;;;
R-018;;;;;;
R-019;;;;;;
R-020;;;;;;
R-021;;;;;;
R-022;;;;;;
R-023;;;;;;
R-024;;;;;;
R-025;;;;;;
R-026;;;;;;
R-027;;;;;;
R-028;;;;;;
R-029;;;;;;
R-030;;;;;;
R-031;;;;;;
R-032;;;;;;
R-033;;;;;;
R-034;;;;;;
R-035;;;;;;
R-036;;;;;;
R-037;;;;;;
R-038;;;;;;
R-039;;;;;;
R-040;;;;;;
R-041;;;;;;
R-042;;;;;;
R-043;;;;;;
R-044;;;;;;
R-045;;;;;;
R-046;;;;;;
R-047;;;;;;
R-048;;;;;;
R-049;;;;;;
R-050;;;;;;
